-- phpMyAdmin SQL Dump
-- version 5.2.1
-- https://www.phpmyadmin.net/
--
-- Servidor: 127.0.0.1
-- Tiempo de generación: 10-03-2025 a las 00:38:37
-- Versión del servidor: 10.4.32-MariaDB
-- Versión de PHP: 8.1.25

SET SQL_MODE = "NO_AUTO_VALUE_ON_ZERO";
START TRANSACTION;
SET time_zone = "+00:00";


/*!40101 SET @OLD_CHARACTER_SET_CLIENT=@@CHARACTER_SET_CLIENT */;
/*!40101 SET @OLD_CHARACTER_SET_RESULTS=@@CHARACTER_SET_RESULTS */;
/*!40101 SET @OLD_COLLATION_CONNECTION=@@COLLATION_CONNECTION */;
/*!40101 SET NAMES utf8mb4 */;

--
-- Base de datos: `biblioteca`
--

-- --------------------------------------------------------

--
-- Estructura de tabla para la tabla `autores`
--

CREATE TABLE `autores` (
  `ID_Autor` int(11) NOT NULL,
  `Nombre` varchar(100) NOT NULL,
  `Nacionalidad` varchar(50) DEFAULT NULL,
  `Fecha_Nacimiento` date DEFAULT NULL
) ENGINE=InnoDB DEFAULT CHARSET=utf8mb4 COLLATE=utf8mb4_general_ci;

--
-- Volcado de datos para la tabla `autores`
--

INSERT INTO `autores` (`ID_Autor`, `Nombre`, `Nacionalidad`, `Fecha_Nacimiento`) VALUES
(1, 'Gabriel García Marquez', 'Colombiana', '1927-03-06'),
(2, 'Paulo Coelho', 'Brasilera', '1947-08-24'),
(3, 'Mario Vargas Llosa', 'Peruana', '1936-03-28'),
(4, 'isabel Allende', 'Chilena', '1942-08-02'),
(5, 'Julio Cortazar', 'Argentina', '1914-08-02');

-- --------------------------------------------------------

--
-- Estructura de tabla para la tabla `categorias`
--

CREATE TABLE `categorias` (
  `ID_Categoria` int(11) NOT NULL,
  `Nombre_Categoria` varchar(100) NOT NULL
) ENGINE=InnoDB DEFAULT CHARSET=utf8mb4 COLLATE=utf8mb4_general_ci;

--
-- Volcado de datos para la tabla `categorias`
--

INSERT INTO `categorias` (`ID_Categoria`, `Nombre_Categoria`) VALUES
(1, 'Novela'),
(2, 'Cuentos'),
(3, 'Autobiograficos'),
(4, 'Fantasia');

-- --------------------------------------------------------

--
-- Estructura de tabla para la tabla `libros`
--

CREATE TABLE `libros` (
  `ID_Libro` int(11) NOT NULL,
  `Titulo` varchar(200) NOT NULL,
  `ID_Autor` int(11) DEFAULT NULL,
  `ID_Categoria` int(11) DEFAULT NULL,
  `Año_Publicacion` int(11) DEFAULT NULL,
  `Disponible` tinyint(1) DEFAULT 1
) ENGINE=InnoDB DEFAULT CHARSET=utf8mb4 COLLATE=utf8mb4_general_ci;

--
-- Volcado de datos para la tabla `libros`
--

INSERT INTO `libros` (`ID_Libro`, `Titulo`, `ID_Autor`, `ID_Categoria`, `Año_Publicacion`, `Disponible`) VALUES
(1, 'Cien años de Soledad', 1, 1, 1967, 1),
(2, 'La Casa de los espiritus', 4, 1, 1982, 1),
(3, 'Rayuela', 5, 2, 1962, 1);

-- --------------------------------------------------------

--
-- Estructura de tabla para la tabla `prestamos`
--

CREATE TABLE `prestamos` (
  `ID_prestamo` int(11) NOT NULL,
  `ID_Usuario` int(11) DEFAULT NULL,
  `ID_Libro` int(11) DEFAULT NULL,
  `Fecha_Prestamo` date DEFAULT NULL,
  `Fecha_Devolucion` date DEFAULT NULL
) ENGINE=InnoDB DEFAULT CHARSET=utf8mb4 COLLATE=utf8mb4_general_ci;

--
-- Volcado de datos para la tabla `prestamos`
--

INSERT INTO `prestamos` (`ID_prestamo`, `ID_Usuario`, `ID_Libro`, `Fecha_Prestamo`, `Fecha_Devolucion`) VALUES
(1, 1, 1, '2025-02-20', '2025-02-24'),
(2, 2, 2, '2025-01-12', '2025-01-17'),
(3, 3, 3, '2024-11-23', '2024-11-28');

-- --------------------------------------------------------

--
-- Estructura de tabla para la tabla `prestamos_usuarios`
--

CREATE TABLE `prestamos_usuarios` (
  `ID_Relacion` int(11) NOT NULL,
  `ID_Prestamo` int(11) NOT NULL,
  `ID_Usuario` int(11) NOT NULL
) ENGINE=InnoDB DEFAULT CHARSET=utf8mb4 COLLATE=utf8mb4_general_ci;

-- --------------------------------------------------------

--
-- Estructura de tabla para la tabla `usuarios`
--

CREATE TABLE `usuarios` (
  `ID_Usuario` int(11) NOT NULL,
  `Nombre` varchar(100) NOT NULL,
  `Correo` varchar(200) DEFAULT NULL,
  `Telefono` varchar(20) DEFAULT NULL
) ENGINE=InnoDB DEFAULT CHARSET=utf8mb4 COLLATE=utf8mb4_general_ci;

--
-- Volcado de datos para la tabla `usuarios`
--

INSERT INTO `usuarios` (`ID_Usuario`, `Nombre`, `Correo`, `Telefono`) VALUES
(1, 'Natalia Teran', 'terannatalia@gmail.com', '3142392031'),
(2, 'Karen Barros', 'karenbm@gmail.com', '3233230987'),
(3, 'Adrian Sanchez', 'adriansanchez@gmail.com', '3198745980');

--
-- Índices para tablas volcadas
--

--
-- Indices de la tabla `autores`
--
ALTER TABLE `autores`
  ADD PRIMARY KEY (`ID_Autor`);

--
-- Indices de la tabla `categorias`
--
ALTER TABLE `categorias`
  ADD PRIMARY KEY (`ID_Categoria`);

--
-- Indices de la tabla `libros`
--
ALTER TABLE `libros`
  ADD PRIMARY KEY (`ID_Libro`),
  ADD KEY `ID_Autor` (`ID_Autor`),
  ADD KEY `ID_Categoria` (`ID_Categoria`);

--
-- Indices de la tabla `prestamos`
--
ALTER TABLE `prestamos`
  ADD PRIMARY KEY (`ID_prestamo`),
  ADD KEY `ID_Usuario` (`ID_Usuario`),
  ADD KEY `ID_Libro` (`ID_Libro`);

--
-- Indices de la tabla `prestamos_usuarios`
--
ALTER TABLE `prestamos_usuarios`
  ADD PRIMARY KEY (`ID_Relacion`),
  ADD KEY `ID_Prestamo` (`ID_Prestamo`),
  ADD KEY `ID_Usuario` (`ID_Usuario`);

--
-- Indices de la tabla `usuarios`
--
ALTER TABLE `usuarios`
  ADD PRIMARY KEY (`ID_Usuario`);

--
-- AUTO_INCREMENT de las tablas volcadas
--

--
-- AUTO_INCREMENT de la tabla `autores`
--
ALTER TABLE `autores`
  MODIFY `ID_Autor` int(11) NOT NULL AUTO_INCREMENT, AUTO_INCREMENT=6;

--
-- AUTO_INCREMENT de la tabla `categorias`
--
ALTER TABLE `categorias`
  MODIFY `ID_Categoria` int(11) NOT NULL AUTO_INCREMENT, AUTO_INCREMENT=5;

--
-- AUTO_INCREMENT de la tabla `libros`
--
ALTER TABLE `libros`
  MODIFY `ID_Libro` int(11) NOT NULL AUTO_INCREMENT, AUTO_INCREMENT=4;

--
-- AUTO_INCREMENT de la tabla `prestamos`
--
ALTER TABLE `prestamos`
  MODIFY `ID_prestamo` int(11) NOT NULL AUTO_INCREMENT, AUTO_INCREMENT=4;

--
-- AUTO_INCREMENT de la tabla `prestamos_usuarios`
--
ALTER TABLE `prestamos_usuarios`
  MODIFY `ID_Relacion` int(11) NOT NULL AUTO_INCREMENT;

--
-- AUTO_INCREMENT de la tabla `usuarios`
--
ALTER TABLE `usuarios`
  MODIFY `ID_Usuario` int(11) NOT NULL AUTO_INCREMENT, AUTO_INCREMENT=4;

--
-- Restricciones para tablas volcadas
--

--
-- Filtros para la tabla `libros`
--
ALTER TABLE `libros`
  ADD CONSTRAINT `libros_ibfk_1` FOREIGN KEY (`ID_Autor`) REFERENCES `autores` (`ID_Autor`),
  ADD CONSTRAINT `libros_ibfk_2` FOREIGN KEY (`ID_Categoria`) REFERENCES `categorias` (`ID_Categoria`);

--
-- Filtros para la tabla `prestamos`
--
ALTER TABLE `prestamos`
  ADD CONSTRAINT `prestamos_ibfk_1` FOREIGN KEY (`ID_Usuario`) REFERENCES `usuarios` (`ID_Usuario`),
  ADD CONSTRAINT `prestamos_ibfk_2` FOREIGN KEY (`ID_Libro`) REFERENCES `libros` (`ID_Libro`);

--
-- Filtros para la tabla `prestamos_usuarios`
--
ALTER TABLE `prestamos_usuarios`
  ADD CONSTRAINT `prestamos_usuarios_ibfk_1` FOREIGN KEY (`ID_Prestamo`) REFERENCES `prestamos` (`ID_prestamo`),
  ADD CONSTRAINT `prestamos_usuarios_ibfk_2` FOREIGN KEY (`ID_Usuario`) REFERENCES `usuarios` (`ID_Usuario`);
COMMIT;

/*!40101 SET CHARACTER_SET_CLIENT=@OLD_CHARACTER_SET_CLIENT */;
/*!40101 SET CHARACTER_SET_RESULTS=@OLD_CHARACTER_SET_RESULTS */;
/*!40101 SET COLLATION_CONNECTION=@OLD_COLLATION_CONNECTION */;
